gene	name	hgvs
CACNA1S	c.520C>T	['g.201091993G>A']
CACNA1S	c.3257G>A	['g.201060815C>T']
CFTR	F508del	['g.117559592_117559594delCTT']
CFTR	2789+5G->A	['g.117602868G>A']
CFTR	3272-26A->G	['g.117611555A>G']
CFTR	3849+10kbC->T	['g.117639961C>T']
CFTR	711+1G->T	['g.117534366G>T']
CFTR	A1067T	['g.117611640G>A']
CFTR	A455E	['g.117548795C>A']
CFTR	D110E	['g.117530955C>A']
CFTR	D110H	['g.117530953G>C']
CFTR	D1152H	['g.117614699G>C']
CFTR	D1270N	['g.117642528G>A']
CFTR	D579G	['g.117590409A>G']
CFTR	E193K	['g.117534363G>A']
CFTR	E56K	['g.117509035G>A']
CFTR	E831X	['g.117530975G>A', 'g.117594930G>T']
CFTR	F1052V	['g.117611595T>G']
CFTR	F1074L	['g.117611663T>A']
CFTR	G1069R	['g.117611646G>A']
CFTR	G1244E	[]
CFTR	G1349D	['g.117664770G>A']
CFTR	G178R	['g.117534318G>A']
CFTR	G551D	['g.117587806G>A']
CFTR	G551S	['g.117587805G>A']
CFTR	G85E	['g.117509123G>A']
CFTR	K1060T	['g.117611620A>C']
CFTR	L206W	['g.117535285T>G']
CFTR	P67L	['g.117509069C>T']
CFTR	R1070Q	['g.117611650G>A']
CFTR	R1070W	['g.117611649C>T']
CFTR	R117C	['g.117530974C>T']
CFTR	R117H	['g.117530975G>A']
CFTR	R347H	['g.117540270G>A']
CFTR	R352Q	['g.117540285G>A']
CFTR	R74W	['g.117509089C>T']
CFTR	S1251N	['g.117642472G>A']
CFTR	S1255P	['g.117642483T>C']
CFTR	S549N	['g.117587800G>A']
CFTR	S549R(A>C)	['g.117587799A>C']
CFTR	S549R(T>G)	['g.117587801T>G']
CFTR	S945L	['g.117603708C>T']
CFTR	S977F	['g.117606695C>T']
CYP2B6	*2	['g.40991369C>T']
CYP2B6	*3	['g.41009350C>A']
CYP2B6	*4	['g.41009358A>G']
CYP2B6	*5	['g.41016810C>A/T']
CYP2B6	*6	['g.41006936G>T', 'g.41009358A>G']
CYP2B6	*7	['g.41006936G>T', 'g.41009358A>G', 'g.41016810C>A/T']
CYP2B6	*8	['g.41004377A>G']
CYP2B6	*9	['g.41006936G>T']
CYP2B6	*10	['g.40991367A>T', 'g.40991369C>T']
CYP2B6	*11	['g.40991441A>G']
CYP2B6	*12	['g.41004125G>A']
CYP2B6	*13	['g.41004377A>G', 'g.41006936G>T', 'g.41009358A>G']
CYP2B6	*14	['g.41004381G>A']
CYP2B6	*15	['g.41012693T>A']
CYP2B6	*16	['g.41009358A>G', 'g.41012316T>C']
CYP2B6	*17	['g.40991381A>T', 'g.40991388A>G', 'g.40991390C>A/T', 'g.40991391G>C']
CYP2B6	*18	['g.41012316T>C']
CYP2B6	*19	['g.41006936G>T', 'g.41009358A>G', 'g.41012339C>T']
CYP2B6	*20	['g.41006923C>T', 'g.41006936G>T', 'g.41009358A>G']
CYP2B6	*21	['g.41012803C>A']
CYP2B6	*22	['g.40991224T>C']
CYP2B6	*23	['g.41016726A>G']
CYP2B6	*24	['g.41016778G>A']
CYP2B6	*25	['g.41016805A>T']
CYP2B6	*26	['g.41006919C>G', 'g.41006936G>T', 'g.41009358A>G']
CYP2B6	*27	['g.41007013T>C']
CYP2B6	*28	['g.41010088C>G/T', 'g.41012465C>T']
CYP2B6	*31	['g.41010108C>A']
CYP2B6	*32	['g.41012740G>A']
CYP2B6	*33	['g.41016810C>A/T']
CYP2B6	*34	['g.40991224T>C', 'g.41006936G>T', 'g.41009358A>G', 'g.41016810C>A/T']
CYP2B6	*35	['g.40991224T>C', 'g.41004158G>T', 'g.41004303T>C', 'g.41004406G>A/C/T', 'g.41007013T>C', 'g.41010006G>T/A/C']
CYP2B6	*36	['g.40991224T>C', 'g.41006936G>T', 'g.41009358A>G']
CYP2B6	*37	['g.41006936G>T', 'g.41006968T>G', 'g.41009358A>G']
CYP2B6	*38	['g.41004015T>A', 'g.41006936G>T', 'g.41009358A>G']
CYP2C9	*2	['g.94942290C>T']
CYP2C9	*3	['g.94981296A>C']
CYP2C9	*4	['g.94981297T>C']
CYP2C9	*5	['g.94981301C>G']
CYP2C9	*6	['g.94949283delA']
CYP2C9	*7	['g.94938737C>A']
CYP2C9	*8	['g.94936917T>C', 'g.94942309G>A/T']
CYP2C9	*9	['g.94949217A>G']
CYP2C9	*10	['g.94949280A>G']
CYP2C9	*11	['g.94981224C>T']
CYP2C9	*12	['g.94989020C>T']
CYP2C9	*13	['g.94941958T>C']
CYP2C9	*14	['g.94942234G>A/T']
CYP2C9	*15	['g.94947782C>A']
CYP2C9	*16	['g.94972179A>G']
CYP2C9	*17	['g.94981365C>T']
CYP2C9	*18	['g.94981296A>C', 'g.94986073A>C']
CYP2C9	*19	['g.94988917G>C']
CYP2C9	*20	['g.94941897G>C']
CYP2C9	*21	['g.94938771C>T']
CYP2C9	*22	['g.94938803A>G']
CYP2C9	*23	['g.94941915G>A']
CYP2C9	*24	['g.94981281G>A']
CYP2C9	*25	['g.94942213_94942222delAGAAATGGAA']
CYP2C9	*26	['g.94942249C>T/G']
CYP2C9	*27	['g.94942309G>A/T']
CYP2C9	*28	['g.94947938A>T']
CYP2C9	*29	['g.94972119C>A']
CYP2C9	*30	['g.94988984G>A']
CYP2C9	*31	['g.94981201T>C']
CYP2C9	*32	['g.94989023G>T']
CYP2C9	*33	['g.94942255G>A']
CYP2C9	*34	['g.94981225G>A']
CYP2C9	*35	['g.94942234G>A/T', 'g.94942290C>T']
CYP2C9	*36	['g.94938683A>G']
CYP2C9	*37	['g.94938828A>G']
CYP2C9	*38	['g.94941976G>C']
CYP2C9	*39	['g.94941982G>T']
CYP2C9	*40	['g.94942018T>C']
CYP2C9	*41	['g.94942213_94942222delAGAAATGGAA']
CYP2C9	*42	['g.94942231G>A']
CYP2C9	*43	['g.94942230C>T']
CYP2C9	*44	['g.94942249C>T/G']
CYP2C9	*45	['g.94942254C>T']
CYP2C9	*46	['g.94942305G>A']
CYP2C9	*47	['g.94947785C>T']
CYP2C9	*48	['g.94947917T>C']
CYP2C9	*49	['g.94949129A>G']
CYP2C9	*50	['g.94949144C>T']
CYP2C9	*51	['g.94972134A>G']
CYP2C9	*52	['g.94972180C>G']
CYP2C9	*53	['g.94972233C>T']
CYP2C9	*54	['g.94981250C>A']
CYP2C9	*55	['g.94981302C>A']
CYP2C9	*56	['g.94986042A>G']
CYP2C9	*57	['g.94947907A>C']
CYP2C9	*58	['g.94981230C>A']
CYP2C9	*59	['g.94988855A>T']
CYP2C9	*60	['g.94988955T>C']
CYP2C9	*61	['g.94942290C>T', 'g.94988925A>G']
CYP2C19	*2	['g.94775367A>G', 'g.94775507G>A', 'g.94781859G>A', 'g.94842866A>G']
CYP2C19	*3	['g.94780653G>A', 'g.94842866A>G']
CYP2C19	*4	['g.94761900C>T', 'g.94762706A>G', 'g.94842866A>G']
CYP2C19	*5	['g.94842866A>G', 'g.94852738C>T']
CYP2C19	*6	['g.94775453G>A', 'g.94842866A>G']
CYP2C19	*7	['g.94781999T>A']
CYP2C19	*8	['g.94775416T>C']
CYP2C19	*9	['g.94775489G>A', 'g.94842866A>G']
CYP2C19	*10	['g.94781858C>T', 'g.94842866A>G']
CYP2C19	*11	['g.94775507G>A', 'g.94842866A>G']
CYP2C19	*12	['g.94842866A>G', 'g.94852914A>C']
CYP2C19	*13	['g.94842866A>G', 'g.94849995C>T']
CYP2C19	*14	['g.94762755T>C', 'g.94842866A>G']
CYP2C19	*15	['g.94762760A>C', 'g.94842866A>G']
CYP2C19	*16	['g.94852765C>T']
CYP2C19	*17	['g.94761900C>T', 'g.94842866A>G']
CYP2C19	*18	['g.94842861G>A', 'g.94842866A>G']
CYP2C19	*19	['g.94762856A>G', 'g.94842866A>G']
CYP2C19	*22	['g.94780574G>C', 'g.94842866A>G']
CYP2C19	*23	['g.94775160G>C', 'g.94842866A>G']
CYP2C19	*24	['g.94842866A>G', 'g.94842879G>A']
CYP2C19	*25	['g.94842866A>G', 'g.94852785C>G']
CYP2C19	*26	['g.94781944G>A', 'g.94842866A>G']
CYP2C19	*28	['g.94762760A>C', 'g.94842866A>G', 'g.94842995G>A']
CYP2C19	*29	['g.94762788A>T', 'g.94842866A>G']
CYP2C19	*30	['g.94775106C>T']
CYP2C19	*31	['g.94775121C>T', 'g.94842866A>G']
CYP2C19	*32	['g.94775185A>G', 'g.94842866A>G']
CYP2C19	*33	['g.94780579G>A', 'g.94842866A>G']
CYP2C19	*34	['g.94762712C>T', 'g.94762715T>C']
CYP2C19	*35	['g.94775367A>G', 'g.94842866A>G']
CYP2D6	*1xN	[]
CYP2D6	*2	['g.42126611C>G', 'g.42127941G>A']
CYP2D6	*2xN	[]
CYP2D6	*3	['g.42128242delT', 'g.42129042T>C']
CYP2D6	*3xN	[]
CYP2D6	*4	['g.42126611C>G', 'g.42126623G>C', 'g.42126624C>T', 'g.42126627A>C', 'g.42126633C>G', 'g.42126635T>G', 'g.42126636G>A', 'g.42126660T>C', 'g.42126663G>C', 'g.42127941G>A', 'g.42128945C>T', 'g.42129809T>C', 'g.42129819G>T', 'g.42130692G>A']
CYP2D6	*4xN	[]
CYP2D6	*5	['g.42126578C>T', 'g.42126605G>A', 'g.42126611C>G', 'g.42126623G>C', 'g.42126624C>T', 'g.42126627A>C', 'g.42126633C>G', 'g.42126634A>C', 'g.42126635T>G', 'g.42126636G>A', 'g.42126647C>T', 'g.42126660T>C', 'g.42126663G>C', 'g.42126666_42126667insAGTGGGCAC', 'g.42126681G>C', 'g.42126697G>T', 'g.42126719C>T', 'g.42126735C>T', 'g.42126746C>T', 'g.42126747G>A', 'g.42126749C>T', 'g.42126752C>T', 'g.42126877G>A', 'g.42126896G>A', 'g.42126914C>T', 'g.42126926G>A', 'g.42126938C>T', 'g.42126956T>G', 'g.42126981_42126982insGA', 'g.42127457C>T', 'g.42127473C>T', 'g.42127512C>T', 'g.42127514A>G', 'g.42127523A>G', 'g.42127526C>T', 'g.42127533_42127534insAC', 'g.42127556T>C', 'g.42127565T>C', 'g.42127589C>T', 'g.42127590G>A', 'g.42127593G>C', 'g.42127602C>T', 'g.42127608C>T', 'g.42127610T>C', 'g.42127611C>T', 'g.42127619T>G', 'g.42127631C>G', 'g.42127803C>T', 'g.42127841C>G', 'g.42127846delCACATCCGGATGTAGGATC', 'g.42127852C>T', 'g.42127856T>G', 'g.42127899T>C', 'g.42127922A>G', 'g.42127938T>G', 'g.42127941G>A', 'g.42127963delG', 'g.42127973T>C', 'g.42128174delCTT', 'g.42128181A>T', 'g.42128185C>T', 'g.42128201delAGTC', 'g.42128212G>A', 'g.42128217G>T', 'g.42128218_42128219insG', 'g.42128235G>A', 'g.42128242delT', 'g.42128249delAGTT', 'g.42128272T>G', 'g.42128308C>A', 'g.42128325A>G', 'g.42128796delG', 'g.42128812A>G', 'g.42128817_42128818insC', 'g.42128848C>T', 'g.42128878C>A', 'g.42128879A>G', 'g.42128903_42128904insTA', 'g.42128936_42128937insGGGGCGAAA/insGGGGCGAAAGGGGCGAAA', 'g.42128945C>T', 'g.42129033C>T/A', 'g.42129036A>C', 'g.42129037G>T', 'g.42129042T>C', 'g.42129056C>G', 'g.42129071T>A', 'g.42129071T>G', 'g.42129075C>T', 'g.42129084delA', 'g.42129087G>C', 'g.42129098T>C', 'g.42129113A>G', 'g.42129132C>T', 'g.42129134G>A', 'g.42129155C>T', 'g.42129174C>A', 'g.42129180A>T', 'g.42129183C>T', 'g.42129759C>T', 'g.42129765T>C', 'g.42129770G>A/T', 'g.42129771T>A', 'g.42129779A>G', 'g.42129780C>T', 'g.42129809T>C', 'g.42129819G>T', 'g.42129821G>A', 'g.42129827C>G', 'g.42129836G>A', 'g.42129887A>G', 'g.42129906G>A', 'g.42129910C>G', 'g.42130655_42130656insA', 'g.42130667C>T', 'g.42130668C>T', 'g.42130692G>A', 'g.42130710G>A', 'g.42130715C>T', 'g.42130719G>A', 'g.42130728delG', 'g.42130761C>T', 'g.42130773C>T', 'g.42130778G>A']
CYP2D6	*6	['g.42126611C>G', 'g.42129084delA']
CYP2D6	*6xN	[]
CYP2D6	*7	['g.42127856T>G']
CYP2D6	*8	['g.42126611C>G', 'g.42127941G>A', 'g.42129033C>T/A']
CYP2D6	*9	['g.42128174delCTT']
CYP2D6	*9xN	[]
CYP2D6	*10	['g.42126611C>G', 'g.42130692G>A']
CYP2D6	*10x2	[]
CYP2D6	*10xN>2	[]
CYP2D6	*11	['g.42126611C>G', 'g.42127941G>A', 'g.42129910C>G']
CYP2D6	*12	['g.42126611C>G', 'g.42127941G>A', 'g.42129075C>T', 'g.42130668C>T']
CYP2D6	*13	[]
CYP2D6	*14	['g.42126611C>G', 'g.42127941G>A', 'g.42129033C>T/A']
CYP2D6	*15	['g.42130655_42130656insA', 'g.42130715C>T']
CYP2D6	*17	['g.42126611C>G', 'g.42127941G>A', 'g.42129770G>A/T']
CYP2D6	*17xN	[]
CYP2D6	*18	['g.42126666_42126667insAGTGGGCAC']
CYP2D6	*19	['g.42126611C>G', 'g.42127941G>A', 'g.42128249delAGTT']
CYP2D6	*20	['g.42126611C>G', 'g.42127941G>A', 'g.42128812A>G', 'g.42128817_42128818insC']
CYP2D6	*21	['g.42126611C>G', 'g.42127941G>A', 'g.42128218_42128219insG']
CYP2D6	*22	['g.42130710G>A']
CYP2D6	*23	['g.42129836G>A']
CYP2D6	*24	['g.42127938T>G']
CYP2D6	*25	['g.42127593G>C']
CYP2D6	*26	['g.42127514A>G']
CYP2D6	*27	['g.42126938C>T']
CYP2D6	*28	['g.42126611C>G', 'g.42127941G>A', 'g.42129087G>C', 'g.42130773C>T']
CYP2D6	*29	['g.42126611C>G', 'g.42127608C>T', 'g.42127941G>A', 'g.42129132C>T']
CYP2D6	*29xN	[]
CYP2D6	*30	['g.42126611C>G', 'g.42127941G>A', 'g.42128936_42128937insGGGGCGAAA/insGGGGCGAAAGGGGCGAAA']
CYP2D6	*31	['g.42126611C>G', 'g.42126749C>T', 'g.42127941G>A']
CYP2D6	*32	['g.42126611C>G', 'g.42126938C>T', 'g.42127803C>T', 'g.42127941G>A']
CYP2D6	*33	['g.42128308C>A']
CYP2D6	*34	['g.42127941G>A']
CYP2D6	*35	['g.42126611C>G', 'g.42127941G>A', 'g.42130761C>T']
CYP2D6	*35xN	[]
CYP2D6	*36	['g.42126611C>G', 'g.42126623G>C', 'g.42126624C>T', 'g.42126627A>C', 'g.42126633C>G', 'g.42126635T>G', 'g.42126636G>A', 'g.42126660T>C', 'g.42126663G>C', 'g.42130692G>A']
CYP2D6	*36xN	['g.42126611C>G', 'g.42126623G>C', 'g.42126624C>T', 'g.42126627A>C', 'g.42126633C>G', 'g.42126635T>G', 'g.42126636G>A', 'g.42126660T>C', 'g.42126663G>C', 'g.42130692G>A']
CYP2D6	*37	['g.42126611C>G', 'g.42128848C>T', 'g.42130692G>A']
CYP2D6	*38	['g.42128201delAGTC']
CYP2D6	*39	['g.42126611C>G']
CYP2D6	*40	['g.42126611C>G', 'g.42127941G>A', 'g.42128936_42128937insGGGGCGAAA/insGGGGCGAAAGGGGCGAAA', 'g.42129770G>A/T']
CYP2D6	*41	['g.42126611C>G', 'g.42127803C>T', 'g.42127941G>A']
CYP2D6	*41xN	[]
CYP2D6	*42	['g.42126611C>G', 'g.42127533_42127534insAC', 'g.42127941G>A']
CYP2D6	*43	['g.42130715C>T']
CYP2D6	*43xN	[]
CYP2D6	*44	['g.42127841C>G', 'g.42130710G>A']
CYP2D6	*45	['g.42126611C>G', 'g.42127941G>A', 'g.42129075C>T']
CYP2D6	*45xN	[]
CYP2D6	*46	['g.42126611C>G', 'g.42127941G>A', 'g.42129075C>T', 'g.42130715C>T']
CYP2D6	*47	['g.42126611C>G', 'g.42130692G>A', 'g.42130719G>A']
CYP2D6	*48	['g.42129821G>A']
CYP2D6	*49	['g.42126611C>G', 'g.42129180A>T', 'g.42130692G>A']
CYP2D6	*50	['g.42129071T>G']
CYP2D6	*51	['g.42126611C>G', 'g.42127619T>G', 'g.42127941G>A']
CYP2D6	*52	['g.42126611C>G', 'g.42126914C>T', 'g.42130692G>A']
CYP2D6	*53	['g.42129174C>A', 'g.42129180A>T']
CYP2D6	*54	['g.42126611C>G', 'g.42128235G>A', 'g.42130692G>A']
CYP2D6	*55	['g.42126611C>G', 'g.42126956T>G', 'g.42127941G>A']
CYP2D6	*56	['g.42126611C>G', 'g.42127590G>A', 'g.42127941G>A', 'g.42130692G>A']
CYP2D6	*57	['g.42126611C>G', 'g.42126623G>C', 'g.42126624C>T', 'g.42126627A>C', 'g.42126633C>G', 'g.42126635T>G', 'g.42126636G>A', 'g.42126660T>C', 'g.42126663G>C', 'g.42129906G>A', 'g.42130692G>A']
CYP2D6	*58	['g.42126611C>G', 'g.42127941G>A', 'g.42128936_42128937insGGGGCGAAA/insGGGGCGAAAGGGGCGAAA', 'g.42129770G>A/T']
CYP2D6	*59	['g.42126611C>G', 'g.42127852C>T', 'g.42127941G>A']
CYP2D6	*60	['g.42128903_42128904insTA']
CYP2D6	*61	[]
CYP2D6	*62	['g.42126747G>A']
CYP2D6	*63	[]
CYP2D6	*64	['g.42126611C>G', 'g.42129770G>A/T', 'g.42130692G>A']
CYP2D6	*65	['g.42126611C>G', 'g.42127941G>A', 'g.42130692G>A']
CYP2D6	*68	[]
CYP2D6	*69	['g.42126611C>G', 'g.42127803C>T', 'g.42127941G>A', 'g.42130692G>A']
CYP2D6	*70	['g.42126611C>G', 'g.42127608C>T', 'g.42129132C>T', 'g.42129183C>T']
CYP2D6	*71	['g.42130667C>T']
CYP2D6	*72	['g.42126611C>G', 'g.42127473C>T', 'g.42130692G>A']
CYP2D6	*73	['g.42126611C>G', 'g.42127941G>A', 'g.42129780C>T']
CYP2D6	*74	['g.42129819G>T']
CYP2D6	*75	['g.42126746C>T']
CYP2D6	*81	['g.42128181A>T', 'g.42128185C>T', 'g.42128212G>A']
CYP2D6	*82	['g.42129765T>C', 'g.42129770G>A/T', 'g.42129771T>A', 'g.42129779A>G', 'g.42129809T>C', 'g.42129819G>T']
CYP2D6	*83	['g.42126611C>G', 'g.42126623G>C', 'g.42126624C>T', 'g.42126627A>C', 'g.42126633C>G', 'g.42126635T>G', 'g.42126636G>A', 'g.42126660T>C', 'g.42126663G>C']
CYP2D6	*84	['g.42126611C>G', 'g.42127941G>A', 'g.42128217G>T']
CYP2D6	*85	['g.42126611C>G', 'g.42126634A>C', 'g.42127941G>A']
CYP2D6	*86	['g.42128181A>T', 'g.42128185C>T']
CYP2D6	*87	['g.42126611C>G', 'g.42130692G>A', 'g.42130778G>A']
CYP2D6	*88	['g.42126611C>G', 'g.42129779A>G']
CYP2D6	*89	['g.42129113A>G']
CYP2D6	*90	['g.42129098T>C']
CYP2D6	*91	['g.42127803C>T', 'g.42127941G>A', 'g.42129056C>G']
CYP2D6	*92	['g.42128796delG']
CYP2D6	*93	['g.42128272T>G']
CYP2D6	*94	['g.42126611C>G', 'g.42127610T>C', 'g.42130692G>A']
CYP2D6	*95	['g.42126611C>G', 'g.42127457C>T', 'g.42130692G>A']
CYP2D6	*96	['g.42126896G>A']
CYP2D6	*97	['g.42126697G>T']
CYP2D6	*98	['g.42126611C>G', 'g.42126681G>C', 'g.42127941G>A']
CYP2D6	*99	['g.42126611C>G', 'g.42129827C>G', 'g.42130692G>A']
CYP2D6	*100	['g.42126611C>G', 'g.42127963delG', 'g.42130692G>A']
CYP2D6	*101	['g.42126611C>G', 'g.42127846delCACATCCGGATGTAGGATC', 'g.42130692G>A']
CYP2D6	*102	['g.42126611C>G', 'g.42127941G>A', 'g.42129821G>A']
CYP2D6	*103	['g.42126611C>G', 'g.42127941G>A', 'g.42129042T>C', 'g.42129821G>A']
CYP2D6	*104	['g.42126611C>G', 'g.42127941G>A', 'g.42129071T>A']
CYP2D6	*105	['g.42126611C>G', 'g.42127523A>G', 'g.42127941G>A']
CYP2D6	*106	['g.42126914C>T']
CYP2D6	*107	['g.42129132C>T']
CYP2D6	*108	['g.42127556T>C', 'g.42127565T>C']
CYP2D6	*109	['g.42127608C>T', 'g.42128174delCTT']
CYP2D6	*110	['g.42126735C>T']
CYP2D6	*111	['g.42126611C>G', 'g.42127941G>A', 'g.42129759C>T']
CYP2D6	*112	['g.42126605G>A']
CYP2D6	*113	['g.42126752C>T']
CYP2D6	*114	['g.42126611C>G', 'g.42127941G>A', 'g.42129033C>T/A', 'g.42130692G>A']
CYP2D6	*115	['g.42127973T>C', 'g.42128174delCTT']
CYP2D6	*116	['g.42127631C>G']
CYP2D6	*117	['g.42126611C>G', 'g.42127611C>T', 'g.42127941G>A']
CYP2D6	*118	['g.42127899T>C']
CYP2D6	*119	['g.42127803C>T']
CYP2D6	*120	['g.42130728delG']
CYP2D6	*121	['g.42126611C>G', 'g.42127941G>A', 'g.42129036A>C', 'g.42129037G>T', 'g.42129042T>C']
CYP2D6	*122	['g.42127512C>T']
CYP2D6	*123	['g.42126611C>G', 'g.42127803C>T', 'g.42127922A>G', 'g.42127941G>A']
CYP2D6	*124	['g.42126981_42126982insGA']
CYP2D6	*125	['g.42126611C>G', 'g.42126719C>T', 'g.42127941G>A']
CYP2D6	*126	['g.42126611C>G', 'g.42127941G>A', 'g.42129134G>A']
CYP2D6	*127	['g.42127526C>T', 'g.42127556T>C']
CYP2D6	*128	['g.42126611C>G', 'g.42127941G>A', 'g.42129887A>G']
CYP2D6	*129	['g.42126611C>G', 'g.42127941G>A', 'g.42129155C>T']
CYP2D6	*130	['g.42128878C>A', 'g.42128879A>G']
CYP2D6	*131	['g.42128325A>G']
CYP2D6	*132	['g.42126611C>G', 'g.42127803C>T', 'g.42127973T>C', 'g.42130692G>A']
CYP2D6	*133	['g.42126611C>G', 'g.42127602C>T', 'g.42127941G>A']
CYP2D6	*134	['g.42127589C>T']
CYP2D6	*135	['g.42126611C>G', 'g.42126926G>A', 'g.42127941G>A']
CYP2D6	*136	['g.42126611C>G', 'g.42126877G>A', 'g.42127941G>A']
CYP2D6	*137	['g.42126578C>T']
CYP2D6	*138	['g.42126611C>G', 'g.42126647C>T', 'g.42127803C>T', 'g.42127941G>A']
CYP2D6	*139	['g.42127526C>T']
CYP3A5	*2	['g.99652613G>T']
CYP3A5	*3	['g.99660516C>T', 'g.99672916T>C']
CYP3A5	*4	['g.99665237T>C']
CYP3A5	*5	['g.99666950A>G']
CYP3A5	*6	['g.99665212C>T']
CYP3A5	*7	['g.99652770_99652771insA']
CYP3A5	*8	['g.99676198G>A']
CYP3A5	*9	['g.99660516C>T']
CYP4F2	*2	['g.15897578A>C']
CYP4F2	*3	['g.15879621C>T']
DPYD	c.46C>G	['g.97883368G>C']
DPYD	c.61C>T	['g.97883353G>A']
DPYD	c.62G>A	['g.97883352C>T']
DPYD	c.85T>C (*9A)	['g.97883329A>G']
DPYD	c.151-69G>A	['g.97828265C>T']
DPYD	c.234-123G>C	['g.97740602C>G']
DPYD	c.295_298delTCAT (*7)	['g.97740415_97740418delATGA']
DPYD	c.313G>A	['g.97740400C>T']
DPYD	c.343A>G	['g.97721650T>C']
DPYD	c.451A>G	['g.97721542T>C']
DPYD	c.496A>G	['g.97699535T>C']
DPYD	c.498G>A	['g.97699533C>T']
DPYD	c.525G>A	['g.97699506C>T']
DPYD	c.557A>G	['g.97699474T>C']
DPYD	c.601A>C	['g.97699430T>G']
DPYD	c.632A>G	['g.97699399T>C']
DPYD	c.680+139G>A	['g.97699212C>T']
DPYD	c.681-8C>T	['g.97691806G>A']
DPYD	c.703C>T (*8)	['g.97691776G>A']
DPYD	c.763-118A>G	['g.97679300T>C']
DPYD	c.775A>G	['g.97679170T>C']
DPYD	c.850+41T>C	['g.97679054A>G']
DPYD	c.850+91C>T	['g.97679004G>A']
DPYD	c.868A>G	['g.97595149T>C']
DPYD	c.929T>C	['g.97595088A>G']
DPYD	c.934C>T	['g.97595083G>A']
DPYD	c.958+134T>G	['g.97594925A>C']
DPYD	c.967G>A	['g.97593379C>T']
DPYD	c.1003G>T (*11)	['g.97593343C>A']
DPYD	c.1024G>A	['g.97593322C>T']
DPYD	c.1057C>T	['g.97593289G>A']
DPYD	c.1108A>G	['g.97593238T>C']
DPYD	c.1129-15T>C	['g.97573985A>G']
DPYD	c.1129-28G>T	['g.97573998C>A']
DPYD	c.1129-5923C>G, c.1236G>A (HapB3)	['g.97573863C>T', 'g.97579893G>C']
DPYD	c.1156G>T (*12)	['g.97573943C>A']
DPYD	c.1180C>T	['g.97573919G>A']
DPYD	c.1181G>T	['g.97573918C>A']
DPYD	c.1218G>A	['g.97573881C>T']
DPYD	c.1260T>A	['g.97573839A>T']
DPYD	c.1278G>T	['g.97573821C>A']
DPYD	c.1294G>A	['g.97573805C>T']
DPYD	c.1314T>G	['g.97573785A>C']
DPYD	c.1340-106T>A	['g.97549850A>T']
DPYD	c.1349C>T	['g.97549735G>A']
DPYD	c.1358C>G	['g.97549726G>C']
DPYD	c.1371C>T	['g.97549713G>A']
DPYD	c.1403C>A	['g.97549681G>T']
DPYD	c.1475C>T	['g.97549609G>A']
DPYD	c.1484A>G	['g.97549600T>C']
DPYD	c.1519G>A	['g.97549565C>T']
DPYD	c.1543G>A	['g.97515923C>T']
DPYD	c.1577C>G	['g.97515889G>C']
DPYD	c.1601G>A (*4)	['g.97515865C>T']
DPYD	c.1615G>A	['g.97515851C>T']
DPYD	c.1627A>G (*5)	['g.97515839T>C']
DPYD	c.1679T>G (*13)	['g.97515787A>C']
DPYD	c.1682G>T	['g.97515784C>A']
DPYD	c.1740+39C>T	['g.97515687G>A']
DPYD	c.1740+40A>G	['g.97515686T>C']
DPYD	c.1774C>T	['g.97450190G>A']
DPYD	c.1775G>A	['g.97450189C>T']
DPYD	c.1777G>A	['g.97450187C>T']
DPYD	c.1796T>C	['g.97450168A>G']
DPYD	c.1896T>C	['g.97450068A>G']
DPYD	c.1898delC (*3)	['g.97450067delG']
DPYD	c.1905C>G	['g.97450059G>C']
DPYD	c.1905+1G>A (*2A)	['g.97450058C>T']
DPYD	c.1906A>C	['g.97382461T>G']
DPYD	c.1990G>T	['g.97373629C>A']
DPYD	c.2021G>A	['g.97373598C>T']
DPYD	c.2161G>A	['g.97306195C>T']
DPYD	c.2186C>T	['g.97305372G>A']
DPYD	c.2194G>A (*6)	['g.97305364C>T']
DPYD	c.2195T>G	['g.97305363A>C']
DPYD	c.2279C>T	['g.97305279G>A']
DPYD	c.2300-39G>A	['g.97235033C>T']
DPYD	c.2303C>A	['g.97234991G>T']
DPYD	c.2336C>A	['g.97234958G>T']
DPYD	c.2482G>A	['g.97193209C>T']
DPYD	c.2582A>G	['g.97193109T>C']
DPYD	c.2623A>C	['g.97098632T>G']
DPYD	c.2639G>T	['g.97098616C>A']
DPYD	c.2656C>T	['g.97098599G>A']
DPYD	c.2657G>A (*9B)	['g.97098598C>T']
DPYD	c.2846A>T	['g.97082391T>A']
DPYD	c.2872A>G	['g.97082365T>C']
DPYD	c.2915A>G	['g.97079139T>C']
DPYD	c.2921A>T	['g.97079133T>A']
DPYD	c.2933A>G	['g.97079121T>C']
DPYD	c.2978T>G	['g.97079076A>C']
DPYD	c.2977C>T	['g.97079077G>A']
DPYD	c.2983G>T (*10)	['g.97079071C>A']
DPYD	c.3049G>A	['g.97079005C>T']
DPYD	c.3061G>C	['g.97078993C>G']
DPYD	c.3067C>A	['g.97078987G>T']
G6PD		[nan]
G6PD	C	['g.154532269C>A/G', nan]
IFNL3	rs12979860 variant (T)	['g.39248147C>T']
NUDT15	*2	['g.48037801_48037802insGAGTCG', 'g.48045719C>T']
NUDT15	*3	['g.48045719C>T']
NUDT15	*4	['g.48045720G>A']
NUDT15	*5	['g.48037798G>A']
NUDT15	*6	['g.48037801_48037802insGAGTCG']
NUDT15	*7	['g.48037847G>C']
NUDT15	*8	['g.48037849A>G']
NUDT15	*9	['g.48037783_48037788delGGAGTC']
NUDT15	*10	['g.48037748T>C']
NUDT15	*11	['g.48037885G>A']
NUDT15	*12	['g.48037902C>G']
NUDT15	*13	['g.48041103_48041104insG']
NUDT15	*14	['g.48037826_48037827insCGGG']
NUDT15	*15	['g.48045771T>A']
NUDT15	*16	['g.48037834C>T']
NUDT15	*17	['g.48041113G>T']
NUDT15	*18	['g.48040982delA']
NUDT15	*19	['g.48037749G>C']
RYR1	c.103T>C	['g.38440802T>C']
RYR1	c.130C>T	['g.38440829C>T']
RYR1	c.487C>T	['g.38444211C>T']
RYR1	c.488G>T	['g.38444212G>A']
RYR1	c.742G>C	['g.38446710G>M']
RYR1	c.742G>A	['g.38446710G>M']
RYR1	c.982C>T	['g.38448673C>T']
RYR1	c.1021G>A	['g.38448712G>M']
RYR1	c.1021G>C	['g.38448712G>M']
RYR1	c.1201C>T	['g.38451842C>T']
RYR1	c.1209C>G	['g.38451850C>G']
RYR1	c.1565A>C	['g.38455359A>C']
RYR1	c.1589G>A	['g.38455463G>A']
RYR1	c.1597C>T	['g.38455471C>T']
RYR1	c.1598G>A	['g.38455472G>A']
RYR1	c.1654C>T	['g.38455528C>T']
RYR1	c.1840C>T	['g.38457545C>T']
RYR1	c.1841G>T	['g.38457546G>T']
RYR1	c.6487C>T	['g.38494564C>T']
RYR1	c.6488G>A	['g.38494565G>A']
RYR1	c.6502G>A	['g.38494579G>A']
RYR1	c.6617C>G	['g.38496283C>K']
RYR1	c.6617C>T	['g.38496283C>K']
RYR1	c.7007G>A	['g.38499223G>A']
RYR1	c.7039_7041delGAG or c.7042_7044delGAG	['g.38499649_38499651delGAG']
RYR1	c.7048G>A	['g.38499655G>A']
RYR1	c.7063C>T	['g.38499670C>T']
RYR1	c.7124G>C	['g.38499731G>C']
RYR1	c.7282G>A	['g.38499975G>A']
RYR1	c.7300G>A	['g.38499993G>A']
RYR1	c.7304G>A	['g.38499997G>A']
RYR1	c.7354C>T	['g.38500636C>T']
RYR1	c.7360C>T	['g.38500642C>T']
RYR1	c.7361G>A	['g.38500643G>A']
RYR1	c.7372C>T	['g.38500654C>T']
RYR1	c.7373G>A	['g.38500655G>A']
RYR1	c.7522C>T	['g.38500898C>K']
RYR1	c.7522C>G	['g.38500898C>K']
RYR1	c.7523G>A	['g.38500899G>A']
RYR1	c.9310G>A	['g.38512321G>A']
RYR1	c.11969G>T	['g.38543832G>T']
RYR1	c.14387A>G	['g.38580004A>G']
RYR1	c.14477C>T	['g.38580094C>T']
RYR1	c.14497C>T	['g.38580114C>T']
RYR1	c.14512C>G	['g.38580370C>G']
RYR1	c.14545G>A	['g.38580403G>A']
RYR1	c.14582G>A	['g.38580440G>A']
RYR1	c.14693T>C	['g.38584989T>C']
SLCO1B1	*1B	['g.21176804A>G']
SLCO1B1	*2	['g.21172782T>C']
SLCO1B1	*3	['g.21174595T>C', 'g.21176883A>G']
SLCO1B1	*4	['g.21176879C>A']
SLCO1B1	*5	['g.21178615T>C']
SLCO1B1	*6	['g.21200595T>C']
SLCO1B1	*7	['g.21202649A>G']
SLCO1B1	*8	['g.21205921A>G']
SLCO1B1	*9	['g.21205999G>C']
SLCO1B1	*10	['g.21239077A>G']
SLCO1B1	*11	['g.21239113A>G']
SLCO1B1	*12	['g.21172782T>C', 'g.21239077A>G']
SLCO1B1	*13	['g.21174595T>C', 'g.21176883A>G', 'g.21239113A>G']
SLCO1B1	*14	['g.21176804A>G', 'g.21176879C>A']
SLCO1B1	*15	['g.21176804A>G', 'g.21178615T>C']
SLCO1B1	*16	['g.21176868A>G']
SLCO1B1	*17	['g.21130388G>A', 'g.21176804A>G', 'g.21178615T>C']
SLCO1B1	*18	['g.21176804A>G', 'g.21176827G>A', 'g.21176879C>A', 'g.21178665T>C', 'g.21178672T>G']
SLCO1B1	*19	['g.21178665T>C', 'g.21239042A>C']
SLCO1B1	*20	['g.21176804A>G', 'g.21178691C>T', 'g.21239042A>C']
SLCO1B1	*21	['g.21130388G>A', 'g.21176804A>G', 'g.21178691C>T']
SLCO1B1	*22	['g.21239042A>C']
SLCO1B1	*23	['g.21172776G>A']
SLCO1B1	*24	['g.21176804A>G', 'g.21196951A>G']
SLCO1B1	*25	['g.21176804A>G', 'g.21176879C>A', 'g.21196951A>G', 'g.21196976G>A']
SLCO1B1	*26	['g.21202664G>A']
SLCO1B1	*27	['g.21176804A>G', 'g.21202555C>G']
SLCO1B1	*28	['g.21176804A>G', 'g.21196951A>G', 'g.21196976G>A']
SLCO1B1	*29	['g.21176804A>G', 'g.21239158C>T']
SLCO1B1	*30	['g.21176804A>G', 'g.21178957A>G']
SLCO1B1	*31	['g.21176804A>G', 'g.21205999G>C']
SLCO1B1	*32	['g.21176804A>G', 'g.21176879C>A', 'g.21196951A>G']
SLCO1B1	*33	['g.21172734C>T', 'g.21176804A>G', 'g.21196951A>G', 'g.21196976G>A']
SLCO1B1	*34	['g.21239145C>T']
SLCO1B1	*35	['g.21176804A>G', 'g.21239042A>C']
SLCO1B1	*36	['g.21202553T>G']
TPMT	*2	['g.18143724C>G']
TPMT	*3A	['g.18130687T>C/G', 'g.18138997C>T']
TPMT	*3B	['g.18138997C>T']
TPMT	*3C	['g.18130687T>C/G']
TPMT	*4	['g.18130781C>T']
TPMT	*5	['g.18147910A>G']
TPMT	*6	['g.18133845T>A']
TPMT	*7	['g.18130725A>C']
TPMT	*8	['g.18130762C>T']
TPMT	*9	['g.18143606T>G']
TPMT	*10	['g.18139027C>G']
TPMT	*11	['g.18139689C>T']
TPMT	*12	['g.18139710G>A']
TPMT	*13	['g.18149045T>A']
TPMT	*14	['g.18149127T>C']
TPMT	*15	['g.18133890C>T']
TPMT	*16	['g.18138969C>T/G']
TPMT	*17	['g.18149004G>C']
TPMT	*18	['g.18147845C>T']
TPMT	*19	['g.18143597T>G']
TPMT	*20	['g.18130694T>C']
TPMT	*21	['g.18147851G>C']
TPMT	*22	['g.18138969C>T/G']
TPMT	*23	['g.18133884G>C']
TPMT	*24	['g.18133847C>A']
TPMT	*25	['g.18130772A>G']
TPMT	*26	['g.18132136A>G']
TPMT	*27	['g.18143643A>C']
TPMT	*28	['g.18143613C>G']
TPMT	*29	['g.18149126A>G']
TPMT	*30	['g.18149022C>T']
TPMT	*31	['g.18132147A>G']
TPMT	*32	['g.18143622C>T']
TPMT	*33	['g.18138970G>A']
TPMT	*34	['g.18143718G>A']
TPMT	*35	['g.18147856A>G']
TPMT	*36	['g.18132163G>A']
TPMT	*37	['g.18130758A>T']
TPMT	*38	['g.18133870A>G']
TPMT	*39	['g.18147838G>A']
TPMT	*40	['g.18130729C>T']
TPMT	*41	['g.18130687T>C/G']
UGT1A1	*6	['g.233760498G>A']
UGT1A1	*27	['g.233760973C>A']
UGT1A1	*28	['g.233760233']
UGT1A1	*36	['g.233760233']
UGT1A1	*37	['g.233760233']
UGT1A1	*60	['g.233757013T>G']
UGT1A1	*80	['g.233759924C>T']
UGT1A1	*80+*28	['g.233759924C>T', 'g.233760233']
UGT1A1	*80+*37	['g.233759924C>T', 'g.233760233']
VKORC1	rs9923231 variant (T)	['g.31096368C>T']
