gene	hgvs	name
CACNA1S	g.201091993G>A	['c.520C>T']
CACNA1S	g.201060815C>T	['c.3257G>A']
CFTR	g.117509035G>A	['E56K']
CFTR	g.117509069C>T	['P67L']
CFTR	g.117509089C>T	['R74W']
CFTR	g.117509123G>A	['G85E']
CFTR	g.117530955C>A	['D110E']
CFTR	g.117530953G>C	['D110H']
CFTR	g.117530974C>T	['R117C']
CFTR	g.117530975G>A	['E831X', 'R117H']
CFTR	g.117534318G>A	['G178R']
CFTR	g.117534363G>A	['E193K']
CFTR	g.117535285T>G	['L206W']
CFTR	g.117540270G>A	['R347H']
CFTR	g.117540285G>A	['R352Q']
CFTR	g.117548795C>A	['A455E']
CFTR	g.117559592_117559594delCTT	['F508del']
CFTR	g.117587800G>A	['S549N']
CFTR	g.117587799A>C	['S549R(A>C)']
CFTR	g.117587801T>G	['S549R(T>G)']
CFTR	g.117587805G>A	['G551S']
CFTR	g.117587806G>A	['G551D']
CFTR	g.117590409A>G	['D579G']
CFTR	g.117594930G>T	['E831X']
CFTR	g.117603708C>T	['S945L']
CFTR	g.117606695C>T	['S977F']
CFTR	g.117611595T>G	['F1052V']
CFTR	g.117611620A>C	['K1060T']
CFTR	g.117611640G>A	['A1067T']
CFTR	g.117611646G>A	['G1069R']
CFTR	g.117611650G>A	['R1070Q']
CFTR	g.117611649C>T	['R1070W']
CFTR	g.117611663T>A	['F1074L']
CFTR	g.117614699G>C	['D1152H']
CFTR	g.117642472G>A	['S1251N']
CFTR	g.117642483T>C	['S1255P']
CFTR	g.117642528G>A	['D1270N']
CFTR	g.117664770G>A	['G1349D']
CFTR	g.117534366G>T	['711+1G->T']
CFTR	g.117602868G>A	['2789+5G->A']
CFTR	g.117611555A>G	['3272-26A->G']
CFTR	g.117639961C>T	['3849+10kbC->T']
CYP2B6	g.40991224T>C	['*22', '*34', '*35', '*36']
CYP2B6	g.40991367A>T	['*10']
CYP2B6	g.40991369C>T	['*2', '*10']
CYP2B6	g.40991381A>T	['*17']
CYP2B6	g.40991388A>G	['*17']
CYP2B6	g.40991390C>A/T	['*17']
CYP2B6	g.40991391G>C	['*17']
CYP2B6	g.40991441A>G	['*11']
CYP2B6	g.41004015T>A	['*38']
CYP2B6	g.41004125G>A	['*12']
CYP2B6	g.41004158G>T	['*35']
CYP2B6	g.41004303T>C	['*35']
CYP2B6	g.41004377A>G	['*8', '*13']
CYP2B6	g.41004381G>A	['*14']
CYP2B6	g.41004406G>A/C/T	['*35']
CYP2B6	g.41006919C>G	['*26']
CYP2B6	g.41006923C>T	['*20']
CYP2B6	g.41006936G>T	['*6', '*7', '*9', '*13', '*19', '*20', '*26', '*34', '*36', '*37', '*38']
CYP2B6	g.41007013T>C	['*27', '*35']
CYP2B6	g.41009350C>A	['*3']
CYP2B6	g.41009358A>G	['*4', '*6', '*7', '*13', '*16', '*19', '*20', '*26', '*34', '*36', '*37', '*38']
CYP2B6	g.41010006G>T/A/C	['*35']
CYP2B6	g.41010088C>G/T	['*28']
CYP2B6	g.41012316T>C	['*16', '*18']
CYP2B6	g.41012339C>T	['*19']
CYP2B6	g.41012465C>T	['*28']
CYP2B6	g.41012693T>A	['*15']
CYP2B6	g.41012803C>A	['*21']
CYP2B6	g.41016726A>G	['*23']
CYP2B6	g.41016810C>A/T	['*5', '*7', '*33', '*34']
CYP2B6	g.41006968T>G	['*37']
CYP2B6	g.41016778G>A	['*24']
CYP2B6	g.41016805A>T	['*25']
CYP2B6	g.41010108C>A	['*31']
CYP2B6	g.41012740G>A	['*32']
CYP2C9	g.94936917T>C	['*8']
CYP2C9	g.94938683A>G	['*36']
CYP2C9	g.94938737C>A	['*7']
CYP2C9	g.94938771C>T	['*21']
CYP2C9	g.94938803A>G	['*22']
CYP2C9	g.94938828A>G	['*37']
CYP2C9	g.94941897G>C	['*20']
CYP2C9	g.94941915G>A	['*23']
CYP2C9	g.94941958T>C	['*13']
CYP2C9	g.94941976G>C	['*38']
CYP2C9	g.94941982G>T	['*39']
CYP2C9	g.94942018T>C	['*40']
CYP2C9	g.94942213_94942222delAGAAATGGAA	['*25', '*41']
CYP2C9	g.94942230C>T	['*43']
CYP2C9	g.94942231G>A	['*42']
CYP2C9	g.94942234G>A/T	['*14', '*35']
CYP2C9	g.94942249C>T/G	['*26', '*44']
CYP2C9	g.94942254C>T	['*45']
CYP2C9	g.94942255G>A	['*33']
CYP2C9	g.94942290C>T	['*2', '*35', '*61']
CYP2C9	g.94942305G>A	['*46']
CYP2C9	g.94942309G>A/T	['*8', '*27']
CYP2C9	g.94947782C>A	['*15']
CYP2C9	g.94947785C>T	['*47']
CYP2C9	g.94947907A>C	['*57']
CYP2C9	g.94947917T>C	['*48']
CYP2C9	g.94947938A>T	['*28']
CYP2C9	g.94949129A>G	['*49']
CYP2C9	g.94949144C>T	['*50']
CYP2C9	g.94949217A>G	['*9']
CYP2C9	g.94949280A>G	['*10']
CYP2C9	g.94949283delA	['*6']
CYP2C9	g.94972119C>A	['*29']
CYP2C9	g.94972134A>G	['*51']
CYP2C9	g.94972179A>G	['*16']
CYP2C9	g.94972180C>G	['*52']
CYP2C9	g.94972233C>T	['*53']
CYP2C9	g.94981201T>C	['*31']
CYP2C9	g.94981224C>T	['*11']
CYP2C9	g.94981225G>A	['*34']
CYP2C9	g.94981230C>A	['*58']
CYP2C9	g.94981250C>A	['*54']
CYP2C9	g.94981281G>A	['*24']
CYP2C9	g.94981296A>C	['*3', '*18']
CYP2C9	g.94981297T>C	['*4']
CYP2C9	g.94981301C>G	['*5']
CYP2C9	g.94981302C>A	['*55']
CYP2C9	g.94981365C>T	['*17']
CYP2C9	g.94986042A>G	['*56']
CYP2C9	g.94986073A>C	['*18']
CYP2C9	g.94988855A>T	['*59']
CYP2C9	g.94988917G>C	['*19']
CYP2C9	g.94988925A>G	['*61']
CYP2C9	g.94988955T>C	['*60']
CYP2C9	g.94988984G>A	['*30']
CYP2C9	g.94989020C>T	['*12']
CYP2C9	g.94989023G>T	['*32']
CYP2C19	g.94761900C>T	['*4', '*17']
CYP2C19	g.94762706A>G	['*4']
CYP2C19	g.94762712C>T	['*34']
CYP2C19	g.94762715T>C	['*34']
CYP2C19	g.94762755T>C	['*14']
CYP2C19	g.94762760A>C	['*15', '*28']
CYP2C19	g.94762788A>T	['*29']
CYP2C19	g.94762856A>G	['*19']
CYP2C19	g.94775106C>T	['*30']
CYP2C19	g.94775121C>T	['*31']
CYP2C19	g.94775160G>C	['*23']
CYP2C19	g.94775185A>G	['*32']
CYP2C19	g.94775367A>G	['*2', '*35']
CYP2C19	g.94775416T>C	['*8']
CYP2C19	g.94775453G>A	['*6']
CYP2C19	g.94775489G>A	['*9']
CYP2C19	g.94775507G>A	['*2', '*11']
CYP2C19	g.94780574G>C	['*22']
CYP2C19	g.94780579G>A	['*33']
CYP2C19	g.94780653G>A	['*3']
CYP2C19	g.94781858C>T	['*10']
CYP2C19	g.94781859G>A	['*2']
CYP2C19	g.94781944G>A	['*26']
CYP2C19	g.94781999T>A	['*7']
CYP2C19	g.94842861G>A	['*18']
CYP2C19	g.94842866A>G	['*2', '*3', '*4', '*5', '*6', '*9', '*10', '*11', '*12', '*13', '*14', '*15', '*17', '*18', '*19', '*22', '*23', '*24', '*25', '*26', '*28', '*29', '*31', '*32', '*33', '*35']
CYP2C19	g.94842879G>A	['*24']
CYP2C19	g.94842995G>A	['*28']
CYP2C19	g.94849995C>T	['*13']
CYP2C19	g.94852738C>T	['*5']
CYP2C19	g.94852765C>T	['*16']
CYP2C19	g.94852785C>G	['*25']
CYP2C19	g.94852914A>C	['*12']
CYP2D6	g.42130778G>A	['*5', '*87']
CYP2D6	g.42130773C>T	['*5', '*28']
CYP2D6	g.42130761C>T	['*5', '*35']
CYP2D6	g.42130728delG	['*5', '*120']
CYP2D6	g.42130719G>A	['*5', '*47']
CYP2D6	g.42130715C>T	['*5', '*15', '*43', '*46']
CYP2D6	g.42130710G>A	['*5', '*22', '*44']
CYP2D6	g.42130692G>A	['*4', '*5', '*10', '*36', '*36xN', '*37', '*47', '*49', '*52', '*54', '*56', '*57', '*64', '*65', '*69', '*72', '*87', '*94', '*95', '*99', '*100', '*101', '*114', '*132']
CYP2D6	g.42130668C>T	['*5', '*12']
CYP2D6	g.42130667C>T	['*5', '*71']
CYP2D6	g.42130655_42130656insA	['*5', '*15']
CYP2D6	g.42129910C>G	['*5', '*11']
CYP2D6	g.42129906G>A	['*5', '*57']
CYP2D6	g.42129887A>G	['*5', '*128']
CYP2D6	g.42129836G>A	['*5', '*23']
CYP2D6	g.42129827C>G	['*5', '*99']
CYP2D6	g.42129821G>A	['*5', '*48', '*102', '*103']
CYP2D6	g.42129819G>T	['*4', '*5', '*74', '*82']
CYP2D6	g.42129809T>C	['*4', '*5', '*82']
CYP2D6	g.42129780C>T	['*5', '*73']
CYP2D6	g.42129779A>G	['*5', '*82', '*88']
CYP2D6	g.42129771T>A	['*5', '*82']
CYP2D6	g.42129770G>A/T	['*5', '*17', '*40', '*58', '*64', '*82']
CYP2D6	g.42129765T>C	['*5', '*82']
CYP2D6	g.42129759C>T	['*5', '*111']
CYP2D6	g.42129183C>T	['*5', '*70']
CYP2D6	g.42129180A>T	['*5', '*49', '*53']
CYP2D6	g.42129174C>A	['*5', '*53']
CYP2D6	g.42129155C>T	['*5', '*129']
CYP2D6	g.42129134G>A	['*5', '*126']
CYP2D6	g.42129132C>T	['*5', '*29', '*70', '*107']
CYP2D6	g.42129113A>G	['*5', '*89']
CYP2D6	g.42129098T>C	['*5', '*90']
CYP2D6	g.42129087G>C	['*5', '*28']
CYP2D6	g.42129084delA	['*5', '*6']
CYP2D6	g.42129075C>T	['*5', '*12', '*45', '*46']
CYP2D6	g.42129071T>G	['*5', '*50']
CYP2D6	g.42129071T>A	['*5', '*104']
CYP2D6	g.42129056C>G	['*5', '*91']
CYP2D6	g.42129042T>C	['*3', '*5', '*103', '*121']
CYP2D6	g.42129037G>T	['*5', '*121']
CYP2D6	g.42129036A>C	['*5', '*121']
CYP2D6	g.42129033C>T/A	['*5', '*8', '*14', '*114']
CYP2D6	g.42128945C>T	['*4', '*5']
CYP2D6	g.42128936_42128937insGGGGCGAAA/insGGGGCGAAAGGGGCGAAA	['*5', '*30', '*40', '*58']
CYP2D6	g.42128903_42128904insTA	['*5', '*60']
CYP2D6	g.42128879A>G	['*5', '*130']
CYP2D6	g.42128878C>A	['*5', '*130']
CYP2D6	g.42128848C>T	['*5', '*37']
CYP2D6	g.42128817_42128818insC	['*5', '*20']
CYP2D6	g.42128812A>G	['*5', '*20']
CYP2D6	g.42128796delG	['*5', '*92']
CYP2D6	g.42128325A>G	['*5', '*131']
CYP2D6	g.42128308C>A	['*5', '*33']
CYP2D6	g.42128272T>G	['*5', '*93']
CYP2D6	g.42128249delAGTT	['*5', '*19']
CYP2D6	g.42128242delT	['*3', '*5']
CYP2D6	g.42128235G>A	['*5', '*54']
CYP2D6	g.42128217G>T	['*5', '*84']
CYP2D6	g.42128212G>A	['*5', '*81']
CYP2D6	g.42128218_42128219insG	['*5', '*21']
CYP2D6	g.42128201delAGTC	['*5', '*38']
CYP2D6	g.42128185C>T	['*5', '*81', '*86']
CYP2D6	g.42128181A>T	['*5', '*81', '*86']
CYP2D6	g.42128174delCTT	['*5', '*9', '*109', '*115']
CYP2D6	g.42127973T>C	['*5', '*115', '*132']
CYP2D6	g.42127963delG	['*5', '*100']
CYP2D6	g.42127941G>A	['*2', '*4', '*5', '*8', '*11', '*12', '*14', '*17', '*19', '*20', '*21', '*28', '*29', '*30', '*31', '*32', '*34', '*35', '*40', '*41', '*42', '*45', '*46', '*51', '*55', '*56', '*58', '*59', '*65', '*69', '*73', '*84', '*85', '*91', '*98', '*102', '*103', '*104', '*105', '*111', '*114', '*117', '*121', '*123', '*125', '*126', '*128', '*129', '*133', '*135', '*136', '*138']
CYP2D6	g.42127938T>G	['*5', '*24']
CYP2D6	g.42127922A>G	['*5', '*123']
CYP2D6	g.42127899T>C	['*5', '*118']
CYP2D6	g.42127846delCACATCCGGATGTAGGATC	['*5', '*101']
CYP2D6	g.42127856T>G	['*5', '*7']
CYP2D6	g.42127852C>T	['*5', '*59']
CYP2D6	g.42127841C>G	['*5', '*44']
CYP2D6	g.42127803C>T	['*5', '*32', '*41', '*69', '*91', '*119', '*123', '*132', '*138']
CYP2D6	g.42127631C>G	['*5', '*116']
CYP2D6	g.42127619T>G	['*5', '*51']
CYP2D6	g.42127611C>T	['*5', '*117']
CYP2D6	g.42127610T>C	['*5', '*94']
CYP2D6	g.42127608C>T	['*5', '*29', '*70', '*109']
CYP2D6	g.42127602C>T	['*5', '*133']
CYP2D6	g.42127593G>C	['*5', '*25']
CYP2D6	g.42127590G>A	['*5', '*56']
CYP2D6	g.42127589C>T	['*5', '*134']
CYP2D6	g.42127565T>C	['*5', '*108']
CYP2D6	g.42127556T>C	['*5', '*108', '*127']
CYP2D6	g.42127533_42127534insAC	['*5', '*42']
CYP2D6	g.42127526C>T	['*5', '*127', '*139']
CYP2D6	g.42127523A>G	['*5', '*105']
CYP2D6	g.42127514A>G	['*5', '*26']
CYP2D6	g.42127512C>T	['*5', '*122']
CYP2D6	g.42127473C>T	['*5', '*72']
CYP2D6	g.42127457C>T	['*5', '*95']
CYP2D6	g.42126981_42126982insGA	['*5', '*124']
CYP2D6	g.42126956T>G	['*5', '*55']
CYP2D6	g.42126938C>T	['*5', '*27', '*32']
CYP2D6	g.42126926G>A	['*5', '*135']
CYP2D6	g.42126914C>T	['*5', '*52', '*106']
CYP2D6	g.42126896G>A	['*5', '*96']
CYP2D6	g.42126877G>A	['*5', '*136']
CYP2D6	g.42126752C>T	['*5', '*113']
CYP2D6	g.42126749C>T	['*5', '*31']
CYP2D6	g.42126747G>A	['*5', '*62']
CYP2D6	g.42126746C>T	['*5', '*75']
CYP2D6	g.42126735C>T	['*5', '*110']
CYP2D6	g.42126719C>T	['*5', '*125']
CYP2D6	g.42126697G>T	['*5', '*97']
CYP2D6	g.42126681G>C	['*5', '*98']
CYP2D6	g.42126663G>C	['*4', '*5', '*36', '*36xN', '*57', '*83']
CYP2D6	g.42126660T>C	['*4', '*5', '*36', '*36xN', '*57', '*83']
CYP2D6	g.42126647C>T	['*5', '*138']
CYP2D6	g.42126636G>A	['*4', '*5', '*36', '*36xN', '*57', '*83']
CYP2D6	g.42126635T>G	['*4', '*5', '*36', '*36xN', '*57', '*83']
CYP2D6	g.42126633C>G	['*4', '*5', '*36', '*36xN', '*57', '*83']
CYP2D6	g.42126627A>C	['*4', '*5', '*36', '*36xN', '*57', '*83']
CYP2D6	g.42126624C>T	['*4', '*5', '*36', '*36xN', '*57', '*83']
CYP2D6	g.42126623G>C	['*4', '*5', '*36', '*36xN', '*57', '*83']
CYP2D6	g.42126666_42126667insAGTGGGCAC	['*5', '*18']
CYP2D6	g.42126634A>C	['*5', '*85']
CYP2D6	g.42126611C>G	['*2', '*4', '*5', '*6', '*8', '*10', '*11', '*12', '*14', '*17', '*19', '*20', '*21', '*28', '*29', '*30', '*31', '*32', '*35', '*36', '*36xN', '*37', '*39', '*40', '*41', '*42', '*45', '*46', '*47', '*49', '*51', '*52', '*54', '*55', '*56', '*57', '*58', '*59', '*64', '*65', '*69', '*70', '*72', '*73', '*83', '*84', '*85', '*87', '*88', '*94', '*95', '*98', '*99', '*100', '*101', '*102', '*103', '*104', '*105', '*111', '*114', '*117', '*121', '*123', '*125', '*126', '*128', '*129', '*132', '*133', '*135', '*136', '*138']
CYP2D6	g.42126605G>A	['*5', '*112']
CYP2D6	g.42126578C>T	['*5', '*137']
CYP3A5	g.99676198G>A	['*8']
CYP3A5	g.99672916T>C	['*3']
CYP3A5	g.99666950A>G	['*5']
CYP3A5	g.99665237T>C	['*4']
CYP3A5	g.99665212C>T	['*6']
CYP3A5	g.99660516C>T	['*3', '*9']
CYP3A5	g.99652770_99652771insA	['*7']
CYP3A5	g.99652613G>T	['*2']
CYP4F2	g.15897578A>C	['*2']
CYP4F2	g.15879621C>T	['*3']
DPYD	g.97883368G>C	['c.46C>G']
DPYD	g.97883353G>A	['c.61C>T']
DPYD	g.97883352C>T	['c.62G>A']
DPYD	g.97883329A>G	['c.85T>C (*9A)']
DPYD	g.97828265C>T	['c.151-69G>A']
DPYD	g.97740602C>G	['c.234-123G>C']
DPYD	g.97740411_97740414delATGA	['c.295_298delTCAT (*7)']
DPYD	g.97740415_97740418delATGA	['c.295_298delTCAT (*7)']
DPYD	g.97740400C>T	['c.313G>A']
DPYD	g.97721650T>C	['c.343A>G']
DPYD	g.97721542T>C	['c.451A>G']
DPYD	g.97699535T>C	['c.496A>G']
DPYD	g.97699533C>T	['c.498G>A']
DPYD	g.97699506C>T	['c.525G>A']
DPYD	g.97699474T>C	['c.557A>G']
DPYD	g.97699430T>G	['c.601A>C']
DPYD	g.97699399T>C	['c.632A>G']
DPYD	g.97699212C>T	['c.680+139G>A']
DPYD	g.97691806G>A	['c.681-8C>T']
DPYD	g.97691776G>A	['c.703C>T (*8)']
DPYD	g.97679300T>C	['c.763-118A>G']
DPYD	g.97679170T>C	['c.775A>G']
DPYD	g.97679054A>G	['c.850+41T>C']
DPYD	g.97679004G>A	['c.850+91C>T']
DPYD	g.97595149T>C	['c.868A>G']
DPYD	g.97595088A>G	['c.929T>C']
DPYD	g.97595083G>A	['c.934C>T']
DPYD	g.97594925A>C	['c.958+134T>G']
DPYD	g.97593379C>T	['c.967G>A']
DPYD	g.97593343C>A	['c.1003G>T (*11)']
DPYD	g.97593322C>T	['c.1024G>A']
DPYD	g.97593289G>A	['c.1057C>T']
DPYD	g.97593238T>C	['c.1108A>G']
DPYD	g.97573985A>G	['c.1129-15T>C']
DPYD	g.97573998C>A	['c.1129-28G>T']
DPYD	g.97579893G>C	['c.1129-5923C>G, c.1236G>A (HapB3)']
DPYD	g.97573863C>T	['c.1129-5923C>G, c.1236G>A (HapB3)']
DPYD	g.97573943C>A	['c.1156G>T (*12)']
DPYD	g.97573919G>A	['c.1180C>T']
DPYD	g.97573918C>A	['c.1181G>T']
DPYD	g.97573881C>T	['c.1218G>A']
DPYD	g.97573839A>T	['c.1260T>A']
DPYD	g.97573821C>A	['c.1278G>T']
DPYD	g.97573805C>T	['c.1294G>A']
DPYD	g.97573785A>C	['c.1314T>G']
DPYD	g.97549850A>T	['c.1340-106T>A']
DPYD	g.97549735G>A	['c.1349C>T']
DPYD	g.97549726G>C	['c.1358C>G']
DPYD	g.97549713G>A	['c.1371C>T']
DPYD	g.97549681G>T	['c.1403C>A']
DPYD	g.97549609G>A	['c.1475C>T']
DPYD	g.97549600T>C	['c.1484A>G']
DPYD	g.97549565C>T	['c.1519G>A']
DPYD	g.97515923C>T	['c.1543G>A']
DPYD	g.97515889G>C	['c.1577C>G']
DPYD	g.97515865C>T	['c.1601G>A (*4)']
DPYD	g.97515851C>T	['c.1615G>A']
DPYD	g.97515839T>C	['c.1627A>G (*5)']
DPYD	g.97515787A>C	['c.1679T>G (*13)']
DPYD	g.97515784C>A	['c.1682G>T']
DPYD	g.97515687G>A	['c.1740+39C>T']
DPYD	g.97515686T>C	['c.1740+40A>G']
DPYD	g.97450190G>A	['c.1774C>T']
DPYD	g.97450189C>T	['c.1775G>A']
DPYD	g.97450187C>T	['c.1777G>A']
DPYD	g.97450168A>G	['c.1796T>C']
DPYD	g.97450068A>G	['c.1896T>C']
DPYD	g.97450067delG	['c.1898delC (*3)']
DPYD	g.97450059G>C	['c.1905C>G']
DPYD	g.97450058C>T	['c.1905+1G>A (*2A)']
DPYD	g.97382461T>G	['c.1906A>C']
DPYD	g.97373629C>A	['c.1990G>T']
DPYD	g.97373598C>T	['c.2021G>A']
DPYD	g.97306195C>T	['c.2161G>A']
DPYD	g.97305372G>A	['c.2186C>T']
DPYD	g.97305364C>T	['c.2194G>A (*6)']
DPYD	g.97305363A>C	['c.2195T>G']
DPYD	g.97305279G>A	['c.2279C>T']
DPYD	g.97235033C>T	['c.2300-39G>A']
DPYD	g.97234991G>T	['c.2303C>A']
DPYD	g.97234958G>T	['c.2336C>A']
DPYD	g.97193209C>T	['c.2482G>A']
DPYD	g.97193109T>C	['c.2582A>G']
DPYD	g.97098632T>G	['c.2623A>C']
DPYD	g.97098616C>A	['c.2639G>T']
DPYD	g.97098599G>A	['c.2656C>T']
DPYD	g.97098598C>T	['c.2657G>A (*9B)']
DPYD	g.97082391T>A	['c.2846A>T']
DPYD	g.97082365T>C	['c.2872A>G']
DPYD	g.97079139T>C	['c.2915A>G']
DPYD	g.97079133T>A	['c.2921A>T']
DPYD	g.97079121T>C	['c.2933A>G']
DPYD	g.97079076A>C	['c.2978T>G']
DPYD	g.97079077G>A	['c.2977C>T']
DPYD	g.97079071C>A	['c.2983G>T (*10)']
DPYD	g.97079005C>T	['c.3049G>A']
DPYD	g.97078993C>G	['c.3061G>C']
DPYD	g.97078987G>T	['c.3067C>A']
G6PD	g.154546131G>A	['Not reported/Unknown']
G6PD	g.154546122C>A	['III/Deficient']
G6PD	g.154546116C>T	['III/Deficient']
G6PD	g.154546061T>C	['III/Deficient']
G6PD	g.154546057T>C	['I/Deficient with CNSHA']
G6PD	g.154546051_154546053delGAT	['I/Deficient with CNSHA']
G6PD	g.154546046A>G	['Not reported/Unknown']
G6PD	g.154536169C>T	['III/Deficient']
G6PD	g.154536168G>C	['III/Deficient']
G6PD	g.154536156A>G	['III/Deficient']
G6PD	g.154536151G>A	['III/Deficient']
G6PD	g.154536045C>G	['I/Deficient with CNSHA']
G6PD	g.154536035G>A	['II/Deficient']
G6PD	g.154536034C>T	['III/Deficient']
G6PD	g.154536032C>T	['III/Deficient']
G6PD	g.154536025A>G	['II/Deficient']
G6PD	g.154536022_154536024delAGA	['I/Deficient with CNSHA']
G6PD	g.154536019G>A/T	['II/Deficient', 'III/Deficient']
G6PD	g.154536008A>T	['II/Deficient']
G6PD	g.154536002C>T	['III/Deficient', 'II/Deficient', 'III/Deficient', 'I/Deficient with CNSHA']
G6PD	g.154535996A>G	['II/Deficient']
G6PD	g.154535995T>C	['III/Deficient']
G6PD	g.154535980A>G	['I/Deficient with CNSHA']
G6PD	g.154535963G>A	['III/Deficient']
G6PD	g.154535962C>T	['III/Deficient']
G6PD	g.154535379G>A	['III/Deficient']
G6PD	g.154535370_154535372delTCT	['I/Deficient with CNSHA']
G6PD	g.154535342C>T	['Not reported/Unknown']
G6PD	g.154535336G>C	['I/Deficient with CNSHA']
G6PD	g.154535330A>T	['III/Deficient']
G6PD	g.154535316C>T	['IV/Normal']
G6PD	g.154535301A>G	['II/Deficient']
G6PD	g.154535278C>A	['II/Deficient']
G6PD	g.154535277T>C	['III/Deficient', 'I/Deficient with CNSHA', 'Not reported/Unknown', 'II/Deficient', 'II/Deficient', 'II/Deficient', 'III/Deficient', 'III/Deficient', 'IV/Normal', 'I/Deficient with CNSHA']
G6PD	g.154535274C>A	['II/Deficient']
G6PD	g.154535270A>C/G	['II/Deficient', 'II/Deficient', 'III/Deficient']
G6PD	g.154535269G>A	['II/Deficient']
G6PD	g.154535261C>A	['III/Deficient']
G6PD	g.154535249T>G	['Not reported/Unknown']
G6PD	g.154535247G>A	['II/Deficient']
G6PD	g.154535244G>A	['II/Deficient']
G6PD	g.154535211C>T	['II/Deficient']
G6PD	g.154535190G>C	['II/Deficient']
G6PD	g.154535187C>T	['III/Deficient']
G6PD	g.154535180C>T	['II/Deficient']
G6PD	g.154535176C>G	['Not reported/Unknown']
G6PD	g.154534495C>T	['III/Deficient']
G6PD	g.154534494C>T	['I/Deficient with CNSHA']
G6PD	g.154534489T>C	['II/Deficient']
G6PD	g.154534486G>A	['II/Deficient']
G6PD	g.154534485C>T	['II/Deficient']
G6PD	g.154534468G>A	['I/Deficient with CNSHA']
G6PD	g.154534465A>G	['II/Deficient']
G6PD	g.154534463G>C	['II/Deficient']
G6PD	g.154534455T>C	['I/Deficient with CNSHA']
G6PD	g.154534447T>A	['I/Deficient with CNSHA']
G6PD	g.154534440T>A	['II/Deficient', 'III/Deficient']
G6PD	g.154534438G>A	['I/Deficient with CNSHA']
G6PD	g.154534419_154534421delGAG	['I/Deficient with CNSHA', 'II/Deficient', 'Not reported/Unknown']
G6PD	g.154534409G>C	['I/Deficient with CNSHA']
G6PD	g.154534390G>A	['I/Deficient with CNSHA', 'II/Deficient']
G6PD	g.154534389C>T/G	['I/Deficient with CNSHA', 'II/Deficient']
G6PD	g.154534387T>C	['Not reported/Unknown']
G6PD	g.154534348T>C	['III/Deficient']
G6PD	g.154534345C>A	['I/Deficient with CNSHA', 'I/Deficient with CNSHA']
G6PD	g.154534157A>C	['I/Deficient with CNSHA']
G6PD	g.154534126G>A	['II/Deficient']
G6PD	g.154534125C>T/A	['III/Deficient', 'III/Deficient']
G6PD	g.154534120_154534122delTGT	['I/Deficient with CNSHA']
G6PD	g.154534110C>T	['I/Deficient with CNSHA']
G6PD	g.154534102G>A	['III/Deficient']
G6PD	g.154534092T>C	['I/Deficient with CNSHA']
G6PD	g.154534076_154534081delAGTGCC	['I/Deficient with CNSHA']
G6PD	g.154534036G>C	['I/Deficient with CNSHA']
G6PD	g.154533634C>T	['I/Deficient with CNSHA']
G6PD	g.154533629C>G	['II/Deficient']
G6PD	g.154533620C>T	['I/Deficient with CNSHA']
G6PD	g.154533619T>A	['I/Deficient with CNSHA']
G6PD	g.154533615C>G	['I/Deficient with CNSHA']
G6PD	g.154533614G>A	['I/Deficient with CNSHA']
G6PD	g.154533608A>G	['I/Deficient with CNSHA']
G6PD	g.154533607G>A	['I/Deficient with CNSHA']
G6PD	g.154533605T>C/A	['II/Deficient', 'II/Deficient']
G6PD	g.154533596C>A/G	['III/Deficient', 'III/Deficient']
G6PD	g.154533592T>C	['II/Deficient']
G6PD	g.154533591G>T	['Not reported/Unknown']
G6PD	g.154533589A>G	['I/Deficient with CNSHA']
G6PD	g.154533587G>A	['II/Deficient']
G6PD	g.154533586C>T	['III/Deficient']
G6PD	g.154533122C>T	['II/Deficient', 'II/Deficient', 'II/Deficient']
G6PD	g.154533083C>A	['I/Deficient with CNSHA']
G6PD	g.154533077C>T	['II/Deficient']
G6PD	g.154533072C>G	['I/Deficient with CNSHA']
G6PD	g.154533064C>T	['II/Deficient']
G6PD	g.154533044C>T	['III/Deficient']
G6PD	g.154533015_154533038delGGGGTCGTCCAGGTACCCTTTGGT	['III/Deficient', 'I/Deficient with CNSHA', 'I/Deficient with CNSHA', 'I/Deficient with CNSHA', 'II-III/Deficient']
G6PD	g.154533004C>T	['IV/Normal']
G6PD	g.154532991_154532993delGGT	['I/Deficient with CNSHA']
G6PD	g.154532990C>T	['II/Deficient']
G6PD	g.154532989G>T	['II/Deficient']
G6PD	g.154532987T>C	['I/Deficient with CNSHA']
G6PD	g.154532969G>A	['III/Deficient']
G6PD	g.154532956T>A	['I/Deficient with CNSHA']
G6PD	g.154532945C>G	['IV/Normal']
G6PD	g.154532802C>A	['II/Deficient']
G6PD	g.154532797G>A	['II/Deficient']
G6PD	g.154532773C>T	['I/Deficient with CNSHA']
G6PD	g.154532772G>A	['I/Deficient with CNSHA']
G6PD	g.154532753_154532770delGGCCTTGCGCTCGTTCAG	['I/Deficient with CNSHA', 'I/Deficient with CNSHA', 'I/Deficient with CNSHA', 'I/Deficient with CNSHA']
G6PD	g.154532722C>T	['I/Deficient with CNSHA']
G6PD	g.154532716T>C	['I/Deficient with CNSHA']
G6PD	g.154532715A>G	['I/Deficient with CNSHA']
G6PD	g.154532713A>G	['I/Deficient with CNSHA']
G6PD	g.154532701A>G	['I/Deficient with CNSHA']
G6PD	g.154532700C>A	['I/Deficient with CNSHA']
G6PD	g.154532699G>C	['I/Deficient with CNSHA']
G6PD	g.154532698T>C	['I/Deficient with CNSHA']
G6PD	g.154532695G>A	['I/Deficient with CNSHA', 'I/Deficient with CNSHA']
G6PD	g.154532694C>T	['I/Deficient with CNSHA']
G6PD	g.154532692T>C	['I/Deficient with CNSHA']
G6PD	g.154532688T>C	['I/Deficient with CNSHA']
G6PD	g.154532679A>G	['I/Deficient with CNSHA']
G6PD	g.154532677G>C	['I/Deficient with CNSHA']
G6PD	g.154532676C>T	['I/Deficient with CNSHA']
G6PD	g.154532674C>G	['I/Deficient with CNSHA']
G6PD	g.154532667G>A	['I/Deficient with CNSHA']
G6PD	g.154532662C>T	['I/Deficient with CNSHA']
G6PD	g.154532661T>C	['II/Deficient']
G6PD	g.154532649G>T	['I/Deficient with CNSHA']
G6PD	g.154532639C>T	['I/Deficient with CNSHA']
G6PD	g.154532634T>G	['II/Deficient']
G6PD	g.154532629G>A	['I/Deficient with CNSHA']
G6PD	g.154532628G>C	['I/Deficient with CNSHA']
G6PD	g.154532626C>A	['I/Deficient with CNSHA']
G6PD	g.154532625C>T/G	['I/Deficient with CNSHA', 'I/Deficient with CNSHA']
G6PD	g.154532623T>C	['I/Deficient with CNSHA']
G6PD	g.154532608C>T	['I-II/Deficient with CNSHA-Deficient']
G6PD	g.154532590G>C	['I/Deficient with CNSHA']
G6PD	g.154532570G>T	['I/Deficient with CNSHA']
G6PD	g.154532459C>T	['II/Deficient']
G6PD	g.154532458A>C	['I/Deficient with CNSHA']
G6PD	g.154532439G>A	['Not reported/Unknown']
G6PD	g.154532434C>G	['II/Deficient']
G6PD	g.154532432G>A	['I/Deficient with CNSHA']
G6PD	g.154532411C>T	['I/Deficient with CNSHA']
G6PD	g.154532408T>C	['II/Deficient']
G6PD	g.154532403C>G	['II/Deficient', 'II/Deficient']
G6PD	g.154532392A>T	['I/Deficient with CNSHA']
G6PD	g.154532390G>A	['I/Deficient with CNSHA', 'II/Deficient', 'II/Deficient']
G6PD	g.154532389C>T	['II/Deficient']
G6PD	g.154532279C>G	['I/Deficient with CNSHA']
G6PD	g.154532278T>A	['I/Deficient with CNSHA']
G6PD	g.154532269C>A/G	['I/Deficient with CNSHA', 'II/Deficient', 'II/Deficient']
G6PD	g.154532265C>G	['III/Deficient']
G6PD	g.154532258G>T/A	['III/Deficient', 'II/Deficient']
G6PD	g.154532264C>T	['Not reported/Unknown']
G6PD	g.154532257C>T	['II/Deficient']
G6PD	g.154532245G>C	['III/Deficient']
G6PD	g.154532231T>G	['Not reported/Unknown']
G6PD	g.154532203G>C	['III/Deficient']
G6PD	g.154532086C>T	['I/Deficient with CNSHA']
G6PD	g.154532085C>A	['I/Deficient with CNSHA']
G6PD	g.154532083G>A	['I/Deficient with CNSHA']
G6PD	g.154532082G>A	['I/Deficient with CNSHA']
G6PD	g.154532058_154532060delTTC	['I/Deficient with CNSHA']
G6PD	g.154532046A>C	['I/Deficient with CNSHA']
IFNL3	g.39248147C>T	['rs12979860 variant (T)']
NUDT15	g.48037748T>C	['*10']
NUDT15	g.48037749G>C	['*19']
NUDT15	g.48037783_48037788delGGAGTC	['*9']
NUDT15	g.48037798G>A	['*5']
NUDT15	g.48037801_48037802insGAGTCG	['*2', '*6']
NUDT15	g.48037826_48037827insCGGG	['*14']
NUDT15	g.48037834C>T	['*16']
NUDT15	g.48037847G>C	['*7']
NUDT15	g.48037849A>G	['*8']
NUDT15	g.48037885G>A	['*11']
NUDT15	g.48037902C>G	['*12']
NUDT15	g.48040982delA	['*18']
NUDT15	g.48041103_48041104insG	['*13']
NUDT15	g.48041113G>T	['*17']
NUDT15	g.48045719C>T	['*2', '*3']
NUDT15	g.48045720G>A	['*4']
NUDT15	g.48045771T>A	['*15']
RYR1	g.38440802T>C	['c.103T>C']
RYR1	g.38440829C>T	['c.130C>T']
RYR1	g.38444211C>T	['c.487C>T']
RYR1	g.38444212G>A	['c.488G>T']
RYR1	g.38446710G>M	['c.742G>C', 'c.742G>A']
RYR1	g.38448673C>T	['c.982C>T']
RYR1	g.38448712G>M	['c.1021G>A', 'c.1021G>C']
RYR1	g.38451842C>T	['c.1201C>T']
RYR1	g.38451850C>G	['c.1209C>G']
RYR1	g.38455359A>C	['c.1565A>C']
RYR1	g.38455463G>A	['c.1589G>A']
RYR1	g.38455471C>T	['c.1597C>T']
RYR1	g.38455472G>A	['c.1598G>A']
RYR1	g.38455528C>T	['c.1654C>T']
RYR1	g.38457545C>T	['c.1840C>T']
RYR1	g.38457546G>T	['c.1841G>T']
RYR1	g.38494564C>T	['c.6487C>T']
RYR1	g.38494565G>A	['c.6488G>A']
RYR1	g.38494579G>A	['c.6502G>A']
RYR1	g.38496283C>K	['c.6617C>G', 'c.6617C>T']
RYR1	g.38499223G>A	['c.7007G>A']
RYR1	g.38499646_38499648delGAG	['c.7039_7041delGAG or c.7042_7044delGAG']
RYR1	g.38499649_38499651delGAG	['c.7039_7041delGAG or c.7042_7044delGAG']
RYR1	g.38499655G>A	['c.7048G>A']
RYR1	g.38499670C>T	['c.7063C>T']
RYR1	g.38499731G>C	['c.7124G>C']
RYR1	g.38499975G>A	['c.7282G>A']
RYR1	g.38499993G>A	['c.7300G>A']
RYR1	g.38499997G>A	['c.7304G>A']
RYR1	g.38500636C>T	['c.7354C>T']
RYR1	g.38500642C>T	['c.7360C>T']
RYR1	g.38500643G>A	['c.7361G>A']
RYR1	g.38500654C>T	['c.7372C>T']
RYR1	g.38500655G>A	['c.7373G>A']
RYR1	g.38500898C>K	['c.7522C>T', 'c.7522C>G']
RYR1	g.38500899G>A	['c.7523G>A']
RYR1	g.38512321G>A	['c.9310G>A']
RYR1	g.38543832G>T	['c.11969G>T']
RYR1	g.38580004A>G	['c.14387A>G']
RYR1	g.38580094C>T	['c.14477C>T']
RYR1	g.38580114C>T	['c.14497C>T']
RYR1	g.38580370C>G	['c.14512C>G']
RYR1	g.38580403G>A	['c.14545G>A']
RYR1	g.38580440G>A	['c.14582G>A']
RYR1	g.38584989T>C	['c.14693T>C']
SLCO1B1	g.21130388G>A	['*17', '*21']
SLCO1B1	g.21172734C>T	['*33']
SLCO1B1	g.21172776G>A	['*23']
SLCO1B1	g.21172782T>C	['*2', '*12']
SLCO1B1	g.21174595T>C	['*3', '*13']
SLCO1B1	g.21176804A>G	['*1B', '*14', '*15', '*17', '*18', '*20', '*21', '*24', '*25', '*27', '*28', '*29', '*30', '*31', '*32', '*33', '*35']
SLCO1B1	g.21176827G>A	['*18']
SLCO1B1	g.21176868A>G	['*16']
SLCO1B1	g.21176879C>A	['*4', '*14', '*18', '*25', '*32']
SLCO1B1	g.21176883A>G	['*3', '*13']
SLCO1B1	g.21178615T>C	['*5', '*15', '*17']
SLCO1B1	g.21178665T>C	['*18', '*19']
SLCO1B1	g.21178672T>G	['*18']
SLCO1B1	g.21178691C>T	['*20', '*21']
SLCO1B1	g.21178957A>G	['*30']
SLCO1B1	g.21196951A>G	['*24', '*25', '*28', '*32', '*33']
SLCO1B1	g.21196976G>A	['*25', '*28', '*33']
SLCO1B1	g.21200595T>C	['*6']
SLCO1B1	g.21202553T>G	['*36']
SLCO1B1	g.21202555C>G	['*27']
SLCO1B1	g.21202649A>G	['*7']
SLCO1B1	g.21202664G>A	['*26']
SLCO1B1	g.21205921A>G	['*8']
SLCO1B1	g.21205999G>C	['*9', '*31']
SLCO1B1	g.21239042A>C	['*19', '*20', '*22', '*35']
SLCO1B1	g.21239077A>G	['*10', '*12']
SLCO1B1	g.21239113A>G	['*11', '*13']
SLCO1B1	g.21239145C>T	['*34']
SLCO1B1	g.21239158C>T	['*29']
TPMT	g.18149127T>C	['*14']
TPMT	g.18149126A>G	['*29']
TPMT	g.18149045T>A	['*13']
TPMT	g.18149022C>T	['*30']
TPMT	g.18149004G>C	['*17']
TPMT	g.18147910A>G	['*5']
TPMT	g.18147856A>G	['*35']
TPMT	g.18147851G>C	['*21']
TPMT	g.18147845C>T	['*18']
TPMT	g.18147838G>A	['*39']
TPMT	g.18143724C>G	['*2']
TPMT	g.18143718G>A	['*34']
TPMT	g.18143643A>C	['*27']
TPMT	g.18143622C>T	['*32']
TPMT	g.18143613C>G	['*28']
TPMT	g.18143606T>G	['*9']
TPMT	g.18143597T>G	['*19']
TPMT	g.18139710G>A	['*12']
TPMT	g.18139689C>T	['*11']
TPMT	g.18139027C>G	['*10']
TPMT	g.18138997C>T	['*3A', '*3B']
TPMT	g.18138970G>A	['*33']
TPMT	g.18138969C>T/G	['*16', '*22']
TPMT	g.18133890C>T	['*15']
TPMT	g.18133884G>C	['*23']
TPMT	g.18133870A>G	['*38']
TPMT	g.18133847C>A	['*24']
TPMT	g.18133845T>A	['*6']
TPMT	g.18132163G>A	['*36']
TPMT	g.18132147A>G	['*31']
TPMT	g.18132136A>G	['*26']
TPMT	g.18130781C>T	['*4']
TPMT	g.18130772A>G	['*25']
TPMT	g.18130762C>T	['*8']
TPMT	g.18130758A>T	['*37']
TPMT	g.18130729C>T	['*40']
TPMT	g.18130725A>C	['*7']
TPMT	g.18130694T>C	['*20']
TPMT	g.18130687T>C/G	['*3A', '*3C', '*41']
UGT1A1	g.233757013T>G	['*60']
UGT1A1	g.233759924C>T	['*80', '*80+*28', '*80+*37']
UGT1A1	g.233760233	['*28', '*36', '*37', '*80+*28', '*80+*37']
UGT1A1	g.233760498G>A	['*6']
UGT1A1	g.233760973C>A	['*27']
VKORC1	g.31096368C>T	['rs9923231 variant (T)']
